given_name,family_name,email
User1,Family1,fake1@fake.com
User2,Family2,fake2@fake.com
User3,Family3,fake3@fake.com
User4,Family4,fake4@fake.com
User5,Family5,fake5@fake.com
User6,Family6,fake6@fake.com
User7,Family7,fake7@fake.com
User8,Family8,fake8@fake.com
User9,Family9,fake9@fake.com
User10,Family10,fake10@fake.com
User11,Family11,fake11@fake.com
User12,Family12,fake12@fake.com
User13,Family13,fake13@fake.com
User14,Family14,fake14@fake.com
User15,Family15,fake15@fake.com
User16,Family16,fake16@fake.com
User17,Family17,fake17@fake.com
User18,Family18,fake18@fake.com
User19,Family19,fake19@fake.com
User20,Family20,fake20@fake.com
User21,Family21,fake21@fake.com
User22,Family22,fake22@fake.com
User23,Family23,fake23@fake.com
User24,Family24,fake24@fake.com
User25,Family25,fake25@fake.com